Year,Avg,Jan,Feb,Mar,Apr,May,Jun,Jul,Aug,Sep,Oct,Nov,Dec
1880,-0.17416666666666666,-0.19,-0.25,-0.09,-0.17,-0.1,-0.21,-0.18,-0.11,-0.15,-0.24,-0.22,-0.18
1881,-0.09166666666666667,-0.2,-0.15,0.03,0.05,0.05,-0.19,0.0,-0.04,-0.16,-0.22,-0.19,-0.08
1882,-0.11333333333333333,0.16,0.13,0.04,-0.16,-0.14,-0.22,-0.17,-0.08,-0.15,-0.24,-0.17,-0.36
1883,-0.1808333333333333,-0.3,-0.37,-0.13,-0.19,-0.18,-0.08,-0.08,-0.14,-0.23,-0.12,-0.24,-0.11
1884,-0.2875,-0.13,-0.09,-0.37,-0.4,-0.34,-0.35,-0.31,-0.28,-0.28,-0.25,-0.34,-0.31
1885,-0.3375000000000001,-0.59,-0.34,-0.27,-0.42,-0.45,-0.44,-0.34,-0.32,-0.29,-0.24,-0.24,-0.11
1886,-0.3166666666666667,-0.44,-0.51,-0.43,-0.28,-0.24,-0.35,-0.18,-0.31,-0.24,-0.28,-0.28,-0.26
1887,-0.3666666666666667,-0.72,-0.57,-0.36,-0.35,-0.31,-0.25,-0.26,-0.36,-0.26,-0.36,-0.27,-0.33
1888,-0.17416666666666672,-0.34,-0.36,-0.41,-0.2,-0.22,-0.17,-0.11,-0.16,-0.12,0.01,0.03,-0.04
1889,-0.10583333333333333,-0.09,0.16,0.06,0.1,-0.01,-0.1,-0.08,-0.2,-0.24,-0.25,-0.33,-0.29
1890,-0.35333333333333333,-0.42,-0.45,-0.4,-0.3,-0.39,-0.25,-0.28,-0.39,-0.37,-0.25,-0.43,-0.31
1891,-0.22250000000000003,-0.33,-0.47,-0.18,-0.27,-0.16,-0.2,-0.17,-0.17,-0.15,-0.22,-0.31,-0.04
1892,-0.2725,-0.29,-0.11,-0.4,-0.33,-0.23,-0.22,-0.31,-0.27,-0.17,-0.14,-0.42,-0.38
1893,-0.315,-0.81,-0.57,-0.22,-0.27,-0.33,-0.25,-0.14,-0.25,-0.22,-0.19,-0.19,-0.34
1894,-0.3141666666666667,-0.53,-0.31,-0.23,-0.45,-0.32,-0.41,-0.25,-0.25,-0.29,-0.24,-0.27,-0.22
1895,-0.23333333333333336,-0.43,-0.43,-0.34,-0.22,-0.28,-0.21,-0.18,-0.18,-0.12,-0.1,-0.17,-0.14
1896,-0.11166666666666668,-0.22,-0.12,-0.26,-0.3,-0.16,-0.11,-0.03,-0.05,-0.07,0.06,-0.04,-0.04
1897,-0.10499999999999998,-0.15,-0.16,-0.13,-0.02,-0.01,-0.11,-0.02,-0.09,-0.08,-0.12,-0.17,-0.2
1898,-0.2733333333333333,-0.02,-0.3,-0.51,-0.3,-0.3,-0.19,-0.23,-0.27,-0.21,-0.34,-0.38,-0.23
1899,-0.18083333333333332,-0.17,-0.39,-0.37,-0.21,-0.24,-0.32,-0.17,-0.08,-0.05,-0.04,0.13,-0.26
1900,-0.07916666666666668,-0.36,-0.05,0.01,-0.08,-0.09,-0.09,-0.13,-0.09,-0.05,0.1,-0.06,-0.06
1901,-0.155,-0.21,-0.11,0.06,-0.03,-0.15,-0.11,-0.14,-0.2,-0.22,-0.29,-0.18,-0.28
1902,-0.2775,-0.18,-0.06,-0.27,-0.28,-0.32,-0.3,-0.28,-0.3,-0.29,-0.29,-0.35,-0.41
1903,-0.36833333333333335,-0.23,-0.05,-0.22,-0.4,-0.39,-0.42,-0.35,-0.45,-0.49,-0.48,-0.43,-0.51
1904,-0.47083333333333327,-0.64,-0.58,-0.48,-0.5,-0.52,-0.48,-0.51,-0.49,-0.56,-0.39,-0.17,-0.33
1905,-0.2633333333333333,-0.35,-0.59,-0.22,-0.33,-0.29,-0.28,-0.26,-0.2,-0.19,-0.25,-0.07,-0.13
1906,-0.225,-0.28,-0.29,-0.18,-0.05,-0.26,-0.2,-0.23,-0.2,-0.28,-0.2,-0.38,-0.15
1907,-0.385,-0.43,-0.51,-0.27,-0.37,-0.46,-0.42,-0.35,-0.33,-0.34,-0.22,-0.46,-0.46
1908,-0.425,-0.44,-0.33,-0.55,-0.44,-0.37,-0.38,-0.34,-0.46,-0.35,-0.43,-0.52,-0.49
1909,-0.4833333333333332,-0.72,-0.46,-0.54,-0.58,-0.54,-0.52,-0.45,-0.33,-0.39,-0.39,-0.32,-0.56
1910,-0.43166666666666664,-0.42,-0.4,-0.5,-0.42,-0.33,-0.38,-0.34,-0.36,-0.39,-0.41,-0.55,-0.68
1911,-0.445,-0.63,-0.58,-0.62,-0.54,-0.51,-0.5,-0.41,-0.44,-0.41,-0.27,-0.21,-0.22
1912,-0.3675,-0.27,-0.16,-0.39,-0.18,-0.22,-0.24,-0.42,-0.55,-0.58,-0.58,-0.39,-0.43
1913,-0.34083333333333327,-0.4,-0.44,-0.42,-0.39,-0.43,-0.45,-0.36,-0.33,-0.34,-0.32,-0.19,-0.02
1914,-0.1475,0.05,-0.09,-0.23,-0.29,-0.21,-0.25,-0.23,-0.15,-0.16,-0.03,-0.15,-0.03
1915,-0.14083333333333334,-0.2,-0.04,-0.1,0.07,-0.06,-0.22,-0.13,-0.22,-0.2,-0.24,-0.13,-0.22
1916,-0.35833333333333334,-0.12,-0.14,-0.28,-0.3,-0.34,-0.49,-0.37,-0.28,-0.36,-0.34,-0.46,-0.82
1917,-0.4608333333333334,-0.57,-0.63,-0.63,-0.55,-0.55,-0.44,-0.26,-0.22,-0.23,-0.44,-0.34,-0.67
1918,-0.29583333333333334,-0.47,-0.34,-0.24,-0.44,-0.43,-0.36,-0.32,-0.32,-0.17,-0.06,-0.11,-0.29
1919,-0.2758333333333334,-0.2,-0.24,-0.21,-0.12,-0.28,-0.36,-0.29,-0.33,-0.25,-0.2,-0.41,-0.42
1920,-0.27249999999999996,-0.24,-0.26,-0.12,-0.24,-0.27,-0.36,-0.3,-0.26,-0.22,-0.27,-0.26,-0.47
1921,-0.18916666666666668,-0.05,-0.18,-0.23,-0.3,-0.3,-0.27,-0.14,-0.26,-0.19,-0.03,-0.14,-0.18
1922,-0.2841666666666666,-0.33,-0.44,-0.15,-0.23,-0.33,-0.3,-0.27,-0.33,-0.36,-0.33,-0.15,-0.19
1923,-0.26416666666666666,-0.28,-0.39,-0.34,-0.4,-0.33,-0.29,-0.31,-0.33,-0.31,-0.13,-0.02,-0.04
1924,-0.27166666666666667,-0.23,-0.24,-0.08,-0.31,-0.18,-0.26,-0.29,-0.36,-0.32,-0.35,-0.21,-0.43
1925,-0.21916666666666665,-0.39,-0.4,-0.27,-0.25,-0.29,-0.32,-0.26,-0.2,-0.19,-0.17,0.05,0.06
1926,-0.10833333333333334,0.2,0.03,0.11,-0.12,-0.23,-0.26,-0.27,-0.14,-0.15,-0.12,-0.06,-0.29
1927,-0.2158333333333333,-0.27,-0.18,-0.38,-0.3,-0.25,-0.27,-0.18,-0.24,-0.13,-0.01,-0.05,-0.33
1928,-0.19749999999999998,-0.02,-0.09,-0.25,-0.27,-0.3,-0.38,-0.19,-0.22,-0.21,-0.19,-0.09,-0.16
1929,-0.36000000000000004,-0.45,-0.58,-0.33,-0.41,-0.38,-0.44,-0.37,-0.32,-0.25,-0.14,-0.11,-0.54
1930,-0.15916666666666668,-0.29,-0.27,-0.11,-0.25,-0.24,-0.22,-0.21,-0.15,-0.16,-0.12,0.17,-0.06
1931,-0.09166666666666667,-0.1,-0.21,-0.1,-0.22,-0.19,-0.08,-0.03,-0.04,-0.07,0.05,-0.06,-0.05
1932,-0.1541666666666667,0.16,-0.17,-0.17,-0.05,-0.17,-0.28,-0.24,-0.22,-0.1,-0.08,-0.27,-0.26
1933,-0.2841666666666667,-0.23,-0.29,-0.29,-0.24,-0.29,-0.34,-0.21,-0.23,-0.29,-0.25,-0.31,-0.44
1934,-0.12249999999999998,-0.21,-0.02,-0.29,-0.3,-0.09,-0.15,-0.1,-0.12,-0.15,-0.06,0.04,-0.02
1935,-0.19499999999999998,-0.33,0.14,-0.14,-0.36,-0.28,-0.26,-0.21,-0.22,-0.21,-0.05,-0.26,-0.16
1936,-0.14333333333333334,-0.27,-0.37,-0.2,-0.2,-0.16,-0.21,-0.09,-0.13,-0.09,-0.02,0.02,0.0
1937,-0.025000000000000005,-0.07,0.03,-0.2,-0.15,-0.05,-0.05,-0.03,0.02,0.09,0.09,0.09,-0.07
1938,-0.000833333333333334,0.08,0.03,0.1,0.06,-0.09,-0.17,-0.09,-0.05,0.01,0.15,0.08,-0.12
1939,-0.015833333333333324,-0.05,-0.06,-0.17,-0.09,-0.04,-0.07,-0.06,-0.06,-0.07,-0.03,0.07,0.44
1940,0.12833333333333333,0.0,0.08,0.09,0.18,0.11,0.12,0.13,0.07,0.15,0.12,0.17,0.32
1941,0.18750000000000003,0.18,0.31,0.1,0.17,0.17,0.13,0.22,0.15,0.02,0.35,0.23,0.22
1942,0.06666666666666667,0.29,0.03,0.05,0.09,0.11,0.05,0.0,-0.04,-0.03,0.02,0.1,0.13
1943,0.09000000000000001,-0.01,0.17,-0.03,0.11,0.07,-0.05,0.09,0.01,0.05,0.23,0.2,0.24
1944,0.20666666666666667,0.36,0.25,0.26,0.2,0.2,0.16,0.18,0.18,0.28,0.26,0.11,0.04
1945,0.09083333333333332,0.1,0.01,0.06,0.19,0.06,0.0,0.03,0.26,0.2,0.18,0.07,-0.07
1946,-0.07083333333333335,0.15,0.03,0.02,0.06,-0.07,-0.21,-0.12,-0.2,-0.08,-0.07,-0.05,-0.31
1947,-0.02416666666666667,-0.06,-0.07,0.07,0.06,-0.02,-0.01,-0.04,-0.07,-0.12,0.07,0.03,-0.13
1948,-0.10583333333333333,0.07,-0.14,-0.24,-0.12,-0.01,-0.05,-0.11,-0.12,-0.14,-0.05,-0.12,-0.24
1949,-0.10916666666666668,0.07,-0.14,-0.02,-0.11,-0.1,-0.27,-0.13,-0.13,-0.14,-0.06,-0.1,-0.18
1950,-0.17250000000000001,-0.26,-0.27,-0.07,-0.21,-0.11,-0.05,-0.08,-0.16,-0.11,-0.2,-0.34,-0.21
1951,-0.06833333333333334,-0.34,-0.41,-0.2,-0.14,0.0,-0.06,-0.01,0.06,0.05,0.08,-0.01,0.16
1952,0.010833333333333335,0.11,0.11,-0.08,0.04,-0.03,-0.03,0.04,0.05,0.07,0.0,-0.13,-0.02
1953,0.07916666666666668,0.07,0.15,0.11,0.19,0.11,0.12,0.01,0.05,0.04,0.08,-0.03,0.05
1954,-0.13166666666666665,-0.24,-0.1,-0.14,-0.14,-0.2,-0.18,-0.19,-0.17,-0.1,-0.02,0.08,-0.18
1955,-0.14083333333333334,0.13,-0.16,-0.32,-0.22,-0.2,-0.14,-0.11,0.02,-0.11,-0.05,-0.25,-0.28
1956,-0.19083333333333333,-0.13,-0.24,-0.21,-0.28,-0.29,-0.16,-0.09,-0.26,-0.19,-0.23,-0.15,-0.06
1957,0.04833333333333333,-0.09,-0.03,-0.05,0.0,0.09,0.16,0.02,0.15,0.09,0.01,0.08,0.15
1958,0.06083333333333333,0.39,0.22,0.08,0.01,0.06,-0.08,0.05,-0.05,-0.02,0.04,0.02,0.01
1959,0.030833333333333334,0.08,0.07,0.18,0.16,0.04,0.03,0.03,-0.01,-0.06,-0.07,-0.08,0.0
1960,-0.024999999999999998,0.0,0.13,-0.35,-0.15,-0.08,-0.04,-0.04,0.02,0.07,0.06,-0.11,0.19
1961,0.057499999999999996,0.07,0.19,0.09,0.13,0.12,0.11,0.01,0.01,0.09,0.0,0.03,-0.16
1962,0.030833333333333334,0.05,0.15,0.1,0.05,-0.06,0.03,0.02,-0.01,0.0,0.01,0.06,-0.03
1963,0.055,-0.03,0.18,-0.14,-0.07,-0.06,0.05,0.06,0.22,0.18,0.15,0.15,-0.03
1964,-0.1991666666666667,-0.09,-0.1,-0.21,-0.32,-0.25,-0.04,-0.04,-0.22,-0.29,-0.32,-0.21,-0.3
1965,-0.10666666666666669,-0.08,-0.17,-0.13,-0.19,-0.12,-0.08,-0.13,-0.04,-0.15,-0.05,-0.06,-0.08
1966,-0.0575,-0.19,-0.04,0.03,-0.13,-0.12,0.01,0.08,-0.09,-0.03,-0.17,-0.01,-0.03
1967,-0.022500000000000003,-0.07,-0.2,0.05,-0.05,0.12,-0.08,0.02,0.01,-0.06,0.09,-0.05,-0.05
1968,-0.08333333333333333,-0.26,-0.14,0.2,-0.06,-0.14,-0.09,-0.13,-0.09,-0.19,0.09,-0.05,-0.14
1969,0.051666666666666666,-0.11,-0.18,0.01,0.17,0.18,0.03,-0.04,0.03,0.08,0.09,0.12,0.24
1970,0.02583333333333333,0.08,0.22,0.06,0.05,-0.03,-0.03,0.01,-0.1,0.12,0.03,0.02,-0.12
1971,-0.08166666666666668,-0.02,-0.15,-0.18,-0.07,-0.05,-0.17,-0.08,-0.01,-0.06,-0.04,-0.07,-0.08
1972,0.008333333333333333,-0.22,-0.18,0.02,0.0,-0.03,0.04,0.01,0.16,0.02,0.08,0.02,0.18
1973,0.16083333333333333,0.29,0.32,0.29,0.27,0.22,0.19,0.13,0.05,0.09,0.1,0.05,-0.07
1974,-0.07166666666666666,-0.1,-0.27,-0.05,-0.12,-0.04,-0.05,-0.03,0.1,-0.08,-0.06,-0.08,-0.08
1975,-0.012500000000000006,0.1,0.08,0.13,0.04,0.16,-0.01,-0.01,-0.17,-0.02,-0.11,-0.17,-0.17
1976,-0.09749999999999999,-0.03,-0.06,-0.21,-0.07,-0.21,-0.12,-0.1,-0.12,-0.06,-0.24,-0.06,0.11
1977,0.1775,0.18,0.23,0.24,0.26,0.33,0.27,0.2,0.18,0.02,0.03,0.16,0.03
1978,0.06833333333333334,0.06,0.1,0.19,0.17,0.09,-0.01,0.04,-0.13,0.06,0.03,0.14,0.08
1979,0.165,0.08,-0.1,0.19,0.15,0.04,0.14,0.04,0.17,0.25,0.26,0.28,0.48
1980,0.2575,0.3,0.39,0.3,0.3,0.35,0.2,0.22,0.18,0.2,0.13,0.3,0.22
1981,0.3225,0.53,0.42,0.48,0.32,0.25,0.29,0.32,0.35,0.15,0.12,0.23,0.41
1982,0.14166666666666666,0.05,0.16,0.03,0.15,0.18,0.06,0.15,0.04,0.14,0.13,0.18,0.43
1983,0.315,0.53,0.43,0.42,0.28,0.34,0.23,0.18,0.36,0.37,0.17,0.3,0.17
1984,0.15666666666666668,0.31,0.14,0.26,0.06,0.33,0.02,0.19,0.19,0.21,0.14,0.07,-0.04
1985,0.11833333333333333,0.22,-0.04,0.18,0.12,0.14,0.15,0.04,0.17,0.13,0.12,0.05,0.14
1986,0.17999999999999997,0.26,0.37,0.3,0.22,0.21,0.12,0.11,0.16,0.03,0.15,0.1,0.13
1987,0.3225,0.32,0.43,0.19,0.24,0.26,0.35,0.4,0.25,0.35,0.33,0.29,0.46
1988,0.39000000000000007,0.57,0.44,0.52,0.43,0.44,0.4,0.33,0.39,0.37,0.38,0.12,0.29
1989,0.27416666666666667,0.13,0.3,0.36,0.29,0.17,0.17,0.34,0.33,0.34,0.29,0.2,0.37
1990,0.4483333333333334,0.41,0.44,0.8,0.56,0.45,0.37,0.46,0.34,0.23,0.45,0.46,0.41
1991,0.4058333333333333,0.43,0.5,0.35,0.51,0.34,0.53,0.47,0.39,0.44,0.29,0.3,0.32
1992,0.22166666666666668,0.48,0.4,0.48,0.27,0.31,0.26,0.08,0.08,-0.01,0.06,0.03,0.22
1993,0.2325,0.35,0.37,0.36,0.28,0.28,0.23,0.25,0.11,0.12,0.23,0.03,0.18
1994,0.31499999999999995,0.26,0.03,0.29,0.41,0.28,0.44,0.3,0.21,0.32,0.42,0.44,0.38
1995,0.4466666666666667,0.52,0.79,0.47,0.47,0.27,0.43,0.45,0.45,0.34,0.47,0.44,0.26
1996,0.32666666666666666,0.24,0.46,0.33,0.33,0.27,0.25,0.36,0.48,0.25,0.2,0.38,0.37
1997,0.4633333333333333,0.31,0.41,0.52,0.34,0.34,0.54,0.33,0.41,0.52,0.61,0.64,0.59
1998,0.6066666666666666,0.58,0.88,0.63,0.63,0.68,0.77,0.65,0.65,0.42,0.41,0.43,0.55
1999,0.3825,0.49,0.64,0.32,0.32,0.26,0.36,0.38,0.31,0.39,0.34,0.37,0.41
2000,0.3941666666666667,0.25,0.56,0.55,0.57,0.36,0.4,0.39,0.42,0.39,0.26,0.3,0.28
2001,0.5366666666666666,0.46,0.44,0.56,0.5,0.58,0.52,0.59,0.49,0.52,0.5,0.72,0.56
2002,0.6283333333333333,0.78,0.79,0.88,0.58,0.64,0.53,0.61,0.53,0.63,0.54,0.59,0.44
2003,0.62,0.75,0.59,0.6,0.55,0.61,0.48,0.58,0.65,0.62,0.73,0.53,0.75
2004,0.5358333333333333,0.58,0.73,0.63,0.61,0.37,0.44,0.26,0.46,0.5,0.61,0.73,0.51
2005,0.6766666666666667,0.74,0.6,0.74,0.67,0.63,0.64,0.62,0.6,0.71,0.75,0.74,0.68
2006,0.6383333333333334,0.56,0.73,0.63,0.47,0.48,0.66,0.54,0.71,0.65,0.7,0.74,0.79
2007,0.6666666666666666,1.02,0.7,0.73,0.77,0.69,0.61,0.6,0.6,0.6,0.59,0.59,0.5
2008,0.5441666666666667,0.31,0.38,0.75,0.54,0.49,0.49,0.6,0.46,0.61,0.67,0.69,0.54
2009,0.6591666666666667,0.65,0.53,0.54,0.61,0.65,0.65,0.74,0.69,0.72,0.65,0.8,0.68
2010,0.7266666666666666,0.75,0.84,0.93,0.85,0.76,0.68,0.63,0.67,0.63,0.71,0.82,0.45
2011,0.6133333333333334,0.52,0.48,0.66,0.65,0.53,0.63,0.71,0.75,0.57,0.66,0.59,0.61
2012,0.6516666666666666,0.49,0.5,0.58,0.73,0.78,0.65,0.59,0.65,0.72,0.8,0.79,0.54
2013,0.6783333333333332,0.71,0.63,0.67,0.54,0.61,0.69,0.6,0.69,0.77,0.69,0.84,0.7
2014,0.7466666666666666,0.76,0.55,0.78,0.8,0.86,0.67,0.58,0.83,0.87,0.81,0.67,0.78
2015,0.9,0.86,0.91,0.96,0.76,0.8,0.81,0.73,0.81,0.85,1.09,1.06,1.16
2016,1.0166666666666666,1.17,1.37,1.36,1.1,0.95,0.8,0.84,1.02,0.91,0.89,0.92,0.87
2017,0.9233333333333333,1.02,1.14,1.16,0.94,0.92,0.72,0.82,0.87,0.77,0.9,0.89,0.93
2018,0.85,0.82,0.85,0.88,0.89,0.83,0.77,0.82,0.77,0.8,1.02,0.83,0.92
2019,0.9791666666666666,0.93,0.95,1.17,1.02,0.85,0.91,0.94,0.95,0.93,1.01,1.0,1.09
2020,1.0208333333333333,1.18,1.25,1.17,1.13,1.02,0.92,0.9,0.88,0.99,0.89,1.11,0.81
2021,0.85,0.81,0.64,0.89,0.76,0.79,0.84,0.92,0.82,0.93,1.0,0.94,0.86
2022,0.8975000000000001,0.91,0.9,1.05,0.84,0.84,0.93,0.94,0.96,0.9,0.97,0.73,0.8
2023,1.0,0.87,0.98,1.21,1.0,0.94,,,,,,,
